{"cameraMode":{"drawMode":0,"name":"Shaded","section":"Shading Mode"},"sceneLighting":false,"audioPlay":false,"sceneViewState":{"m_AlwaysRefresh":false,"showFog":true,"showSkybox":false,"showFlares":true,"showImageEffects":true,"showParticleSystems":true,"showVisualEffectGraphs":true,"m_FxEnabled":true},"in2DMode":false,"pivot":{"x":-6.8188934326171879,"y":2.5174169540405275,"z":-18.07012176513672},"rotation":{"x":0.0033059795387089254,"y":-0.9869934320449829,"z":0.020443106070160867,"w":0.15947414934635163},"size":15.061993598937989,"orthographic":false}