{"cameraMode":{"drawMode":0,"name":"Shaded","section":"Shading Mode"},"sceneLighting":false,"audioPlay":false,"sceneViewState":{"m_AlwaysRefresh":false,"showFog":true,"showSkybox":false,"showFlares":true,"showImageEffects":true,"showParticleSystems":true,"showVisualEffectGraphs":true,"m_FxEnabled":true},"in2DMode":false,"pivot":{"x":-0.006499489303678274,"y":0.003220534883439541,"z":0.004489600658416748},"rotation":{"x":0.07898837327957154,"y":-0.5783820152282715,"z":0.056400757282972339,"w":0.8099820017814636},"size":0.007798617705702782,"orthographic":false}