{"cameraMode":{"drawMode":0,"name":"Shaded","section":"Shading Mode"},"sceneLighting":false,"audioPlay":false,"sceneViewState":{"m_AlwaysRefresh":false,"showFog":true,"showSkybox":false,"showFlares":true,"showImageEffects":true,"showParticleSystems":true,"showVisualEffectGraphs":true,"m_FxEnabled":true},"in2DMode":false,"pivot":{"x":-0.18068137764930726,"y":-0.04992828518152237,"z":0.06574960798025131},"rotation":{"x":0.08500578999519348,"y":0.04869876056909561,"z":-0.004161365795880556,"w":0.9951891303062439},"size":0.18058890104293824,"orthographic":false}